date,ticker,open,high,low,close
2026-08-17,AAPL,306.2099914550781,307.6600036621094,302.94000244140625,305.5899963378906
2026-08-17,ADBE,259.8999938964844,261.6499938964844,251.1999969482422,254.0399932861328
2026-08-17,AMZN,265.44000244140625,265.75,258.3399963378906,261.30999755859375
2026-08-17,BA,230.33999633789062,231.35000610351562,225.9499969482422,225.9499969482422
2026-08-17,BAC,64.4000015258789,65.2300033569336,63.880001068115234,63.88999938964844
2026-08-17,CAT,864.030029296875,887.9099731445312,859.6199951171875,881.6500244140625
2026-08-17,CRM,193.8300018310547,194.94000244140625,189.91000366210938,190.97000122070312
2026-08-17,CSCO,110.95999908447266,113.8499984741211,110.80999755859375,112.9000015258789
2026-08-17,CVX,200.72999572753906,203.67999267578125,199.8000030517578,202.6999969482422
2026-08-17,DIA,534.5,535.97998046875,533.489990234375,534.1900024414062
2026-08-17,DIS,106.33000183105469,106.63999938964844,103.45999908447266,103.5
2026-08-17,DUK,123.25,124.05000305175781,122.86000061035156,123.58000183105469
2026-08-17,FDX,334.760009765625,340.0899963378906,331.4200134277344,331.489990234375
2026-08-17,GLD,402.3399963378906,406.2300109863281,402.17999267578125,405.489990234375
2026-08-17,GOOGL,346.2699890136719,347.25,341.92999267578125,344.0
2026-08-17,GS,1040.7900390625,1054.6300048828125,1038.1400146484375,1051.31005859375
2026-08-17,HD,334.7099914550781,339.44000244140625,332.8900146484375,337.8800048828125
2026-08-17,HON,232.30999755859375,232.77000427246094,228.27999877929688,229.4499969482422
2026-08-17,HYG,79.66999816894531,79.70999908447266,79.58999633789062,79.61000061035156
2026-08-17,INTC,103.55000305175781,105.97000122070312,101.80000305175781,103.48999786376953
2026-08-17,IWM,303.9599914550781,304.3299865722656,303.2300109863281,304.05999755859375
2026-08-17,JNJ,258.8699951171875,264.2799987792969,258.010009765625,262.3699951171875
2026-08-17,JPM,361.94000244140625,365.75,360.9599914550781,360.9599914550781
2026-08-17,KO,87.30000305175781,88.0199966430664,86.8499984741211,86.9800033569336
2026-08-17,LIN,482.0,482.3699951171875,473.04998779296875,474.3299865722656
2026-08-17,LQD,105.95999908447266,106.0199966430664,105.66999816894531,105.69999694824219
2026-08-17,MCD,270.2200012207031,270.82000732421875,265.1400146484375,265.5299987792969
2026-08-17,META,589.75,590.239990234375,564.75,568.969970703125
2026-08-17,MSFT,490.1400146484375,492.6600036621094,478.4100036621094,480.3500061035156
2026-08-17,NEE,85.8499984741211,86.31999969482422,85.51000213623047,86.22000122070312
2026-08-17,NFLX,77.80000305175781,78.52999877929688,75.47000122070312,76.0199966430664
2026-08-17,NVDA,225.97999572753906,227.9199981689453,224.86000061035156,225.00999450683594
2026-08-17,ORCL,148.4499969482422,150.39999389648438,145.5,146.64999389648438
2026-08-17,PEP,139.7100067138672,139.88999938964844,137.66000366210938,138.24000549316406
2026-08-17,PFE,26.760000228881836,27.020000457763672,26.549999237060547,26.8700008392334
2026-08-17,PG,143.63999938964844,143.97000122070312,142.47999572753906,143.1199951171875
2026-08-17,QQQ,732.9500122070312,734.5800170898438,729.27001953125,729.8699951171875
2026-08-17,SPY,776.1799926757812,776.780029296875,772.510009765625,772.6699829101562
2026-08-17,T,24.75,25.010000228881836,24.6200008392334,24.68000030517578
2026-08-17,TLT,81.7699966430664,81.86000061035156,81.30999755859375,81.3499984741211
2026-08-17,UNH,398.57000732421875,398.8999938964844,391.42999267578125,395.6199951171875
2026-08-17,UPS,103.22000122070312,103.23999786376953,101.97000122070312,102.0199966430664
2026-08-17,VZ,48.2400016784668,48.68000030517578,48.0,48.060001373291016
2026-08-17,WMT,114.33000183105469,115.18000030517578,113.91999816894531,114.33000183105469
2026-08-17,XLE,62.220001220703125,62.689998626708984,61.790000915527344,62.58000183105469
2026-08-17,XLF,57.959999084472656,58.27000045776367,57.54999923706055,57.58000183105469
2026-08-17,XLK,190.7899932861328,191.75,190.11000061035156,190.32000732421875
2026-08-17,XLU,44.20000076293945,44.25,43.81999969482422,44.18000030517578
2026-08-17,XOM,160.10000610351562,162.50999450683594,159.08999633789062,161.4600067138672
2026-08-18,AAPL,307.5799865722656,311.489990234375,305.739990234375,310.0299987792969
2026-08-18,ADBE,259.8299865722656,267.3900146484375,258.19000244140625,263.1400146484375
2026-08-18,AMZN,260.6300048828125,262.17999267578125,257.7300109863281,259.45001220703125
2026-08-18,BA,225.10000610351562,226.11000061035156,222.5800018310547,223.05999755859375
2026-08-18,BAC,64.0,64.4000015258789,63.56999969482422,64.2300033569336
2026-08-18,CAT,862.1900024414062,863.9199829101562,834.8099975585938,840.8699951171875
2026-08-18,CRM,194.08999633789062,199.41000366210938,193.22999572753906,196.13999938964844
2026-08-18,CSCO,111.75,112.75,110.36000061035156,111.61000061035156
2026-08-18,CVX,205.02999877929688,206.22000122070312,203.7100067138672,205.74000549316406
2026-08-18,DIA,533.3800048828125,534.260009765625,532.02001953125,532.9099731445312
2026-08-18,DIS,104.19000244140625,105.20999908447266,103.62999725341797,103.94999694824219
2026-08-18,DUK,124.95999908447266,125.66000366210938,123.91000366210938,123.98999786376953
2026-08-18,FDX,333.3800048828125,334.1499938964844,328.0400085449219,328.3800048828125
2026-08-18,GLD,402.54998779296875,404.32000732421875,397.8699951171875,398.54998779296875
2026-08-18,GOOGL,342.4100036621094,344.8699951171875,340.19000244140625,344.20001220703125
2026-08-18,GS,1040.0,1043.5,1026.0799560546875,1040.469970703125
2026-08-18,HD,336.7799987792969,344.5400085449219,330.69000244140625,337.489990234375
2026-08-18,HON,229.2899932861328,229.75999450683594,227.42999267578125,227.7100067138672
2026-08-18,HYG,79.55999755859375,79.58000183105469,79.47000122070312,79.52999877929688
2026-08-18,INTC,99.22000122070312,99.30999755859375,95.25,96.69000244140625
2026-08-18,IWM,302.45001220703125,303.1499938964844,300.1099853515625,300.2300109863281
2026-08-18,JNJ,267.6700134277344,271.7300109863281,266.3299865722656,271.1099853515625
2026-08-18,JPM,362.3399963378906,363.57000732421875,359.2699890136719,363.25
2026-08-18,KO,88.4000015258789,88.95999908447266,87.87999725341797,88.81999969482422
2026-08-18,LIN,481.6700134277344,483.4800109863281,477.7099914550781,478.7099914550781
2026-08-18,LQD,105.48999786376953,105.91000366210938,105.41999816894531,105.83999633789062
2026-08-18,MCD,267.4700012207031,270.2099914550781,266.8399963378906,266.989990234375
2026-08-18,META,557.47998046875,560.6599731445312,543.2100219726562,543.6699829101562
2026-08-18,MSFT,481.5400085449219,484.2699890136719,477.1499938964844,481.6300048828125
2026-08-18,NEE,87.05000305175781,87.5199966430664,86.08999633789062,86.22000122070312
2026-08-18,NFLX,77.43000030517578,79.0999984741211,76.33999633789062,77.7699966430664
2026-08-18,NVDA,220.4499969482422,221.63999938964844,218.69000244140625,219.74000549316406
2026-08-18,ORCL,143.25,146.0,142.35000610351562,142.7899932861328
2026-08-18,PEP,140.36000061035156,140.8000030517578,139.0500030517578,140.1300048828125
2026-08-18,PFE,27.149999618530273,27.399999618530273,27.100000381469727,27.25
2026-08-18,PG,143.27999877929688,144.4199981689453,142.67999267578125,143.4499969482422
2026-08-18,QQQ,720.2100219726562,722.1300048828125,715.9199829101562,717.510009765625
2026-08-18,SPY,768.7000122070312,769.5,766.9199829101562,767.4500122070312
2026-08-18,T,25.040000915527344,25.229999542236328,24.899999618530273,24.899999618530273
2026-08-18,TLT,81.26000213623047,81.75,81.16999816894531,81.66000366210938
2026-08-18,UNH,397.42999267578125,398.7900085449219,393.510009765625,393.92999267578125
2026-08-18,UPS,102.01000213623047,102.80000305175781,101.33999633789062,101.93000030517578
2026-08-18,VZ,48.56999969482422,49.0099983215332,48.40999984741211,48.540000915527344
2026-08-18,WMT,116.30000305175781,116.30999755859375,114.4800033569336,115.19999694824219
2026-08-18,XLE,63.40999984741211,63.709999084472656,63.119998931884766,63.68000030517578
2026-08-18,XLF,57.72999954223633,57.97999954223633,57.56999969482422,57.84000015258789
2026-08-18,XLK,186.2899932861328,187.5,184.3300018310547,185.6199951171875
2026-08-18,XLU,44.529998779296875,44.650001525878906,43.95000076293945,44.02000045776367
2026-08-18,XOM,164.35000610351562,165.6699981689453,163.25,165.55999755859375
2026-08-19,AAPL,310.1300048828125,319.2799072265625,309.6000061035156,316.8299865722656
2026-08-19,ADBE,262.19000244140625,275.7998962402344,261.6700134277344,272.4700012207031
2026-08-19,AMZN,260.8450012207031,266.3999938964844,258.5799865722656,265.8399963378906
2026-08-19,BA,223.50999450683594,224.1999969482422,220.1999969482422,222.1999969482422
2026-08-19,BAC,64.19999694824219,64.43329620361328,62.974998474121094,63.16999816894531
2026-08-19,CAT,845.0,848.944580078125,805.6799926757812,816.1500244140625
2026-08-19,CRM,194.2100067138672,207.9499969482422,194.2100067138672,206.08999633789062
2026-08-19,CSCO,112.30000305175781,112.375,110.51000213623047,110.55000305175781
2026-08-19,CVX,205.0500030517578,207.67999267578125,204.25999450683594,205.75999450683594
2026-08-19,DIA,535.3300170898438,536.6799926757812,533.5800170898438,534.27001953125
2026-08-19,DIS,104.05999755859375,107.05999755859375,103.9800033569336,106.93000030517578
2026-08-19,DUK,124.7300033569336,125.11000061035156,123.0,123.5999984741211
2026-08-19,FDX,330.95001220703125,338.0199890136719,327.05999755859375,328.3800048828125
2026-08-19,GLD,408.80999755859375,414.0,407.4700012207031,413.8399963378906
2026-08-19,GOOGL,342.4549865722656,346.7300109863281,340.6600036621094,344.7200012207031
2026-08-19,GS,1044.8199462890625,1044.7099609375,1014.5,1021.6500244140625
2026-08-19,HD,341.4200134277344,350.3999938964844,341.4200134277344,344.29998779296875
2026-08-19,HON,226.90199279785156,227.0,221.49000549316406,221.72999572753906
2026-08-19,HYG,79.69000244140625,79.73999786376953,79.63999938964844,79.70999908447266
2026-08-19,INTC,97.18000030517578,98.19999694824219,91.27999877929688,92.80000305175781
2026-08-19,IWM,302.8800048828125,303.4104919433594,301.2300109863281,301.7200012207031
2026-08-19,JNJ,272.9949951171875,276.4700012207031,270.55999755859375,273.4100036621094
2026-08-19,JPM,363.010009765625,363.010009765625,355.6449890136719,357.260009765625
2026-08-19,KO,88.58999633789062,90.76000213623047,88.61499786376953,90.3499984741211
2026-08-19,LIN,479.7099914550781,483.9599914550781,478.0,481.1300048828125
2026-08-19,LQD,106.54000091552734,106.62999725341797,106.28500366210938,106.56999969482422
2026-08-19,MCD,266.3500061035156,271.8699951171875,266.0898132324219,267.45001220703125
2026-08-19,META,541.3400268554688,554.0599975585938,537.280029296875,546.030029296875
2026-08-19,MSFT,479.80999755859375,489.2900085449219,479.54998779296875,484.30999755859375
2026-08-19,NEE,86.54000091552734,86.83000183105469,85.58499908447266,85.91000366210938
2026-08-19,NFLX,78.22000122070312,81.16000366210938,78.0999984741211,80.22000122070312
2026-08-19,NVDA,221.6699981689453,222.8699951171875,216.75999450683594,217.55999755859375
2026-08-19,ORCL,142.69500732421875,146.0800018310547,137.42999267578125,143.80999755859375
2026-08-19,PEP,140.73500061035156,143.6300048828125,140.6699981689453,142.5800018310547
2026-08-19,PFE,27.600000381469727,28.434999465942383,27.579999923706055,28.239999771118164
2026-08-19,PG,144.3000030517578,146.22500610351562,143.64999389648438,144.3800048828125
2026-08-19,QQQ,720.4099731445312,721.4998779296875,712.6099853515625,716.0800170898438
2026-08-19,SPY,770.3599853515625,772.469970703125,768.1099853515625,769.0599975585938
2026-08-19,T,24.989999771118164,25.479999542236328,24.844999313354492,25.1200008392334
2026-08-19,TLT,82.80500030517578,83.05999755859375,82.61000061035156,83.0199966430664
2026-08-19,UNH,394.57000732421875,396.7998962402344,386.3500061035156,388.6099853515625
2026-08-19,UPS,102.62999725341797,104.12000274658203,102.42500305175781,102.86000061035156
2026-08-19,VZ,48.599998474121094,49.595001220703125,48.59000015258789,49.36000061035156
2026-08-19,WMT,115.19000244140625,116.87000274658203,113.98999786376953,114.30000305175781
2026-08-19,XLE,63.849998474121094,64.25,63.400001525878906,63.58000183105469
2026-08-19,XLF,57.880001068115234,58.20000076293945,57.41999816894531,57.47999954223633
2026-08-19,XLK,186.38999938964844,186.86000061035156,182.41000366210938,183.63999938964844
2026-08-19,XLU,44.2599983215332,44.380001068115234,43.79999923706055,44.02000045776367
2026-08-19,XOM,166.06500244140625,168.2100067138672,164.66000366210938,164.77000427246094
2026-08-20,AAPL,317.4549865722656,320.2799987792969,310.6499938964844,311.29998779296875
2026-08-20,ADBE,272.32000732421875,274.25,269.6600036621094,272.2200012207031
2026-08-20,AMZN,262.9049987792969,263.8399963378906,259.5199890136719,260.1099853515625
2026-08-20,BA,220.39999389648438,221.07000732421875,214.13999938964844,215.10000610351562
2026-08-20,BAC,63.060001373291016,63.239898681640625,61.81999969482422,61.86000061035156
2026-08-20,CAT,811.5399780273438,818.927978515625,801.0,815.3900146484375
2026-08-20,CRM,205.22000122070312,207.87950134277344,203.0,205.42999267578125
2026-08-20,CSCO,110.00199890136719,111.58000183105469,109.2300033569336,109.58999633789062
2026-08-20,CVX,208.89999389648438,208.97999572753906,205.5500030517578,205.77000427246094
2026-08-20,DIA,530.3499755859375,531.780029296875,527.2100219726562,527.510009765625
2026-08-20,DIS,106.87999725341797,108.69000244140625,106.41999816894531,107.31999969482422
2026-08-20,DUK,123.25,124.27999877929688,122.68000030517578,122.69000244140625
2026-08-20,FDX,326.1700134277344,333.2300109863281,325.44500732421875,326.0400085449219
2026-08-20,GLD,410.0799865722656,416.45001220703125,409.82000732421875,415.260009765625
2026-08-20,GOOGL,342.7950134277344,343.8999938964844,338.5650939941406,340.6700134277344
2026-08-20,GS,1016.989990234375,1026.4150390625,1001.6799926757812,1001.9500122070312
2026-08-20,HD,336.0,338.875,331.6400146484375,334.489990234375
2026-08-20,HON,221.3000030517578,222.17999267578125,218.0500030517578,218.32000732421875
2026-08-20,HYG,79.55000305175781,79.625,79.4800033569336,79.55999755859375
2026-08-20,INTC,91.91000366210938,92.68000030517578,89.8499984741211,92.12999725341797
2026-08-20,IWM,299.2699890136719,300.0400085449219,297.0400085449219,297.6700134277344
2026-08-20,JNJ,273.3999938964844,273.3999938964844,267.3699951171875,267.3699951171875
2026-08-20,JPM,357.6000061035156,357.95001220703125,351.54998779296875,351.54998779296875
2026-08-20,KO,90.18000030517578,91.86499786376953,89.73999786376953,90.5
2026-08-20,LIN,481.25,489.7950134277344,479.3699035644531,481.2900085449219
2026-08-20,LQD,106.02999877929688,106.29499816894531,105.95999908447266,106.05999755859375
2026-08-20,MCD,267.57000732421875,271.8800048828125,266.989990234375,269.1300048828125
2026-08-20,META,546.9500122070312,549.9879760742188,539.3099975585938,545.8300170898438
2026-08-20,MSFT,483.0,484.1600036621094,479.5,481.1499938964844
2026-08-20,NEE,85.37999725341797,85.98999786376953,84.5999984741211,85.02999877929688
2026-08-20,NFLX,80.17440032958984,81.08000183105469,79.58499908447266,80.13999938964844
2026-08-20,NVDA,218.36000061035156,219.86000061035156,215.66000366210938,216.85000610351562
2026-08-20,ORCL,144.3000030517578,145.89999389648438,141.02000427246094,142.07000732421875
2026-08-20,PEP,141.74000549316406,143.36500549316406,141.11000061035156,142.0800018310547
2026-08-20,PFE,28.0,28.159900665283203,27.645000457763672,27.790000915527344
2026-08-20,PG,144.47000122070312,144.91000366210938,142.55999755859375,142.97000122070312
2026-08-20,QQQ,712.280029296875,714.9400024414062,708.52001953125,710.9299926757812
2026-08-20,SPY,765.9600219726562,768.1500244140625,762.0499877929688,762.5999755859375
2026-08-20,T,25.059999465942383,25.270000457763672,25.040000915527344,25.149999618530273
2026-08-20,TLT,82.3550033569336,82.7699966430664,82.1500015258789,82.33999633789062
2026-08-20,UNH,388.25,392.7095031738281,383.8299865722656,384.8500061035156
2026-08-20,UPS,102.25,103.4000015258789,101.56999969482422,102.58000183105469
2026-08-20,VZ,49.279998779296875,49.59000015258789,49.138999938964844,49.189998626708984
2026-08-20,WMT,106.34500122070312,106.94999694824219,102.8499984741211,103.83999633789062
2026-08-20,XLE,64.25,64.69999694824219,63.689998626708984,63.75
2026-08-20,XLF,57.470001220703125,57.654998779296875,56.90999984741211,56.95000076293945
2026-08-20,XLK,183.47000122070312,184.69000244140625,182.66000366210938,183.10000610351562
2026-08-20,XLU,43.83000183105469,44.2599983215332,43.75,43.77000045776367
2026-08-20,XOM,167.02000427246094,168.63999938964844,166.07000732421875,166.14999389648438
2026-08-21,AAPL,312.04998779296875,312.3800048828125,307.010009765625,309.3500061035156
2026-08-21,ADBE,272.3699951171875,277.0994873046875,269.9200134277344,275.29998779296875
2026-08-21,AMZN,260.75,261.0799865722656,257.0350036621094,258.6300048828125
2026-08-21,BA,215.6699981689453,216.4600067138672,212.75,214.1999969482422
2026-08-21,BAC,62.33000183105469,62.52000045776367,61.52000045776367,61.689998626708984
2026-08-21,CAT,829.52001953125,832.0,812.52001953125,827.9000244140625
2026-08-21,CRM,205.5800018310547,211.05999755859375,204.72610473632812,209.1699981689453
2026-08-21,CSCO,110.86000061035156,112.18000030517578,110.44999694824219,111.04000091552734
2026-08-21,CVX,205.9250030517578,207.82400512695312,205.00509643554688,205.27000427246094
2026-08-21,DIA,530.030029296875,532.9000244140625,529.4299926757812,532.219970703125
2026-08-21,DIS,107.56999969482422,108.41000366210938,106.97000122070312,107.77999877929688
2026-08-21,DUK,122.83999633789062,123.04000091552734,119.73999786376953,119.8499984741211
2026-08-21,FDX,328.29998779296875,330.6299133300781,324.6549987792969,325.0799865722656
2026-08-21,GLD,420.5299987792969,424.8800048828125,419.4200134277344,423.3599853515625
2026-08-21,GOOGL,342.3525085449219,346.20001220703125,340.3999938964844,344.82000732421875
2026-08-21,GS,1015.989990234375,1043.6600341796875,1008.85400390625,1039.280029296875
2026-08-21,HD,336.5199890136719,338.510009765625,333.010009765625,335.6099853515625
2026-08-21,HON,219.3800048828125,219.8300018310547,215.77999877929688,215.89999389648438
2026-08-21,HYG,79.66000366210938,79.6500015258789,79.55000305175781,79.61000061035156
2026-08-21,INTC,92.76799774169922,92.76799774169922,89.75,90.06999969482422
2026-08-21,IWM,299.8500061035156,300.3299865722656,298.1700134277344,299.9599914550781
2026-08-21,JNJ,267.8299865722656,272.6549987792969,267.0400085449219,270.239990234375
2026-08-21,JPM,354.07000732421875,356.8599853515625,350.3666076660156,351.5799865722656
2026-08-21,KO,90.8499984741211,91.12000274658203,90.31999969482422,91.0999984741211
2026-08-21,LIN,486.3500061035156,491.7699890136719,482.4700012207031,487.57000732421875
2026-08-21,LQD,105.97000122070312,106.0198974609375,105.81500244140625,105.91999816894531
2026-08-21,MCD,269.29998779296875,271.25,268.17498779296875,270.95001220703125
2026-08-21,META,546.885009765625,553.873291015625,543.22998046875,549.9000244140625
2026-08-21,MSFT,479.8800048828125,486.3599853515625,478.5299987792969,483.239990234375
2026-08-21,NEE,85.19999694824219,85.2699966430664,83.5999984741211,83.6500015258789
2026-08-21,NFLX,80.2699966430664,80.48999786376953,79.16999816894531,79.58999633789062
2026-08-21,NVDA,218.4199981689453,218.74000549316406,214.5,214.72000122070312
2026-08-21,ORCL,143.71499633789062,148.3249969482422,142.60000610351562,146.47000122070312
2026-08-21,PEP,142.6199951171875,143.55999755859375,141.63999938964844,143.47999572753906
2026-08-21,PFE,27.770000457763672,28.424999237060547,27.655000686645508,28.06999969482422
2026-08-21,PG,143.02000427246094,145.27000427246094,142.14500427246094,144.67999267578125
2026-08-21,QQQ,715.22998046875,715.673828125,709.2050170898438,713.4400024414062
2026-08-21,SPY,766.0499877929688,767.8499755859375,764.1699829101562,765.719970703125
2026-08-21,T,25.200000762939453,25.549999237060547,25.170000076293945,25.290000915527344
2026-08-21,TLT,82.16999816894531,82.2699966430664,81.90010070800781,82.05000305175781
2026-08-21,UNH,386.0,393.6549987792969,386.1600036621094,390.1099853515625
2026-08-21,UPS,103.22000122070312,103.4000015258789,101.7699966430664,102.01000213623047
2026-08-21,VZ,49.369998931884766,49.709999084472656,49.16999816894531,49.45000076293945
2026-08-21,WMT,103.68499755859375,104.27999877929688,102.16000366210938,103.69999694824219
2026-08-21,XLE,63.904998779296875,64.30000305175781,63.349998474121094,63.63999938964844
2026-08-21,XLF,57.31999969482422,57.69499969482422,57.244998931884766,57.47999954223633
2026-08-21,XLK,184.4199981689453,184.5,181.89999389648438,183.30999755859375
2026-08-21,XLU,43.900001525878906,43.95000076293945,42.75,42.77000045776367
2026-08-21,XOM,166.5399932861328,168.0,164.6199951171875,165.11000061035156
2026-08-24,AAPL,311.4700012207031,313.3599853515625,309.9700012207031,310.3399963378906
2026-08-24,ADBE,274.9700012207031,279.0,273.2449951171875,276.2699890136719
2026-08-24,AMZN,259.5199890136719,263.32000732421875,259.04998779296875,262.07000732421875
2026-08-24,BA,212.86000061035156,213.30999755859375,208.6999969482422,210.4600067138672
2026-08-24,BAC,61.7400016784668,62.7599983215332,61.52000045776367,62.33000183105469
2026-08-24,CAT,822.989990234375,825.969970703125,804.489990234375,811.02001953125
2026-08-24,CRM,208.4199981689453,213.16000366210938,207.72999572753906,209.05999755859375
2026-08-24,CSCO,109.97000122070312,111.22000122070312,109.30000305175781,110.2300033569336
2026-08-24,CVX,203.6699981689453,205.3000030517578,201.77000427246094,203.08999633789062
2026-08-24,DIA,531.8300170898438,534.47998046875,531.8599853515625,533.6500244140625
2026-08-24,DIS,108.38999938964844,111.87000274658203,108.08000183105469,110.61000061035156
2026-08-24,DUK,120.19999694824219,122.20999908447266,120.0,121.97000122070312
2026-08-24,FDX,325.0,334.3699951171875,324.29998779296875,334.04998779296875
2026-08-24,GLD,428.54998779296875,429.4200134277344,424.2099914550781,426.69000244140625
2026-08-24,GOOGL,343.614990234375,351.6000061035156,342.5,348.05999755859375
2026-08-24,GS,1039.0,1047.280029296875,1030.1800537109375,1036.280029296875
2026-08-24,HD,335.8800048828125,342.2200012207031,335.164794921875,337.42999267578125
2026-08-24,HON,216.3300018310547,216.99000549316406,213.10000610351562,214.77000427246094
2026-08-24,HYG,79.62000274658203,79.70999908447266,79.58260345458984,79.69999694824219
2026-08-24,INTC,88.68250274658203,88.91000366210938,85.13999938964844,87.26000213623047
2026-08-24,IWM,299.54998779296875,299.739990234375,297.3999938964844,297.9700012207031
2026-08-24,JNJ,269.739990234375,273.9800109863281,268.57000732421875,273.0400085449219
2026-08-24,JPM,353.29998779296875,358.2799987792969,352.81500244140625,356.3900146484375
2026-08-24,KO,92.12000274658203,92.48999786376953,91.45500183105469,91.98999786376953
2026-08-24,LIN,488.44000244140625,491.489990234375,485.0,490.0299987792969
2026-08-24,LQD,106.12000274658203,106.32499694824219,106.0999984741211,106.18000030517578
2026-08-24,MCD,272.1499938964844,273.4100036621094,270.67999267578125,272.5400085449219
2026-08-24,META,550.2000122070312,561.4199829101562,546.2999877929688,559.02001953125
2026-08-24,MSFT,483.2049865722656,490.6050109863281,481.8599853515625,487.30999755859375
2026-08-24,NEE,83.94999694824219,84.18499755859375,83.23999786376953,84.0999984741211
2026-08-24,NFLX,79.94000244140625,80.62000274658203,79.02010345458984,80.01000213623047
2026-08-24,NVDA,215.3800048828125,215.58999633789062,207.3699951171875,208.47999572753906
2026-08-24,ORCL,145.1199951171875,145.1199951171875,141.25999450683594,142.4499969482422
2026-08-24,PEP,144.91000366210938,145.89999389648438,144.3800048828125,144.6699981689453
2026-08-24,PFE,28.100000381469727,28.156099319458008,27.815000534057617,27.969999313354492
2026-08-24,PG,145.24000549316406,146.79600524902344,145.0,146.60000610351562
2026-08-24,QQQ,709.625,709.7899780273438,702.7000122070312,706.3200073242188
2026-08-24,SPY,764.780029296875,765.219970703125,762.0800170898438,763.469970703125
2026-08-24,T,25.459999084472656,25.770000457763672,25.209999084472656,25.690000534057617
2026-08-24,TLT,82.5,82.87999725341797,82.44999694824219,82.55999755859375
2026-08-24,UNH,391.0400085449219,399.5799865722656,390.8550109863281,398.760009765625
2026-08-24,UPS,102.30000305175781,102.8499984741211,101.84500122070312,102.72000122070312
2026-08-24,VZ,49.4900016784668,50.279998779296875,49.36000061035156,50.150001525878906
2026-08-24,WMT,104.19100189208984,106.59500122070312,104.0,106.48999786376953
2026-08-24,XLE,63.2400016784668,63.71500015258789,62.560001373291016,63.11000061035156
2026-08-24,XLF,57.70000076293945,58.37590026855469,57.63999938964844,58.220001220703125
2026-08-24,XLK,181.67999267578125,181.8791961669922,178.81500244140625,180.0500030517578
2026-08-24,XLU,42.869998931884766,43.2599983215332,42.70000076293945,43.220001220703125
2026-08-24,XOM,163.8699951171875,165.22000122070312,162.25,164.0500030517578
2026-08-25,AAPL,310.93499755859375,313.5799865722656,308.2099914550781,309.8999938964844
2026-08-25,ADBE,270.7550048828125,275.9100036621094,269.2799987792969,273.9200134277344
2026-08-25,AMZN,262.6000061035156,263.87188720703125,259.8299865722656,261.05999755859375
2026-08-25,BA,212.4949951171875,212.94000244140625,210.11000061035156,211.0800018310547
2026-08-25,BAC,62.19499969482422,62.57500076293945,61.869998931884766,62.43000030517578
2026-08-25,CAT,833.5700073242188,834.3599853515625,804.75,811.2899780273438
2026-08-25,CRM,205.85000610351562,210.30999755859375,204.77999877929688,205.69000244140625
2026-08-25,CSCO,112.43000030517578,112.49949645996094,110.6050033569336,111.11000061035156
2026-08-25,CVX,201.02999877929688,202.02499389648438,199.7899932861328,199.88999938964844
2026-08-25,DIA,536.3699951171875,536.39501953125,533.1849975585938,535.239990234375
2026-08-25,DIS,110.5,111.59500122070312,109.76000213623047,111.25
2026-08-25,DUK,121.69999694824219,122.19999694824219,121.16000366210938,121.58999633789062
2026-08-25,FDX,336.9700012207031,336.67999267578125,328.90008544921875,333.7099914550781
2026-08-25,GLD,422.7749938964844,428.139892578125,422.3299865722656,428.07000732421875
2026-08-25,GOOGL,349.375,350.1600036621094,345.6099853515625,346.9599914550781
2026-08-25,GS,1050.0,1063.364990234375,1039.550048828125,1058.8800048828125
2026-08-25,HD,339.3699951171875,339.489990234375,333.70001220703125,337.8800048828125
2026-08-25,HON,216.50999450683594,216.5399932861328,214.44000244140625,215.67999267578125
2026-08-25,HYG,79.83000183105469,79.94000244140625,79.76000213623047,79.91999816894531
2026-08-25,INTC,89.9000015258789,90.18000030517578,87.29000091552734,87.4800033569336
2026-08-25,IWM,299.6000061035156,299.7699890136719,297.9700012207031,299.2300109863281
2026-08-25,JNJ,271.0,273.8020935058594,270.17498779296875,273.1400146484375
2026-08-25,JPM,357.0,357.1549987792969,353.0736999511719,356.69000244140625
2026-08-25,KO,91.56999969482422,92.08000183105469,91.30010223388672,91.63999938964844
2026-08-25,LIN,489.20001220703125,490.6199951171875,485.1199951171875,487.20001220703125
2026-08-25,LQD,106.61000061035156,106.88500213623047,106.51000213623047,106.86000061035156
2026-08-25,MCD,272.4599914550781,272.54998779296875,267.9800109863281,268.1000061035156
2026-08-25,META,563.75,570.7999877929688,561.4000854492188,570.0499877929688
2026-08-25,MSFT,485.56500244140625,492.43499755859375,484.29998779296875,491.7099914550781
2026-08-25,NEE,84.01000213623047,84.54499816894531,83.30999755859375,84.22000122070312
2026-08-25,NFLX,79.6500015258789,82.45500183105469,79.4000015258789,82.2300033569336
2026-08-25,NVDA,211.02499389648438,214.72909545898438,210.11000061035156,213.0500030517578
2026-08-25,ORCL,143.3000030517578,146.3350067138672,142.50999450683594,144.75999450683594
2026-08-25,PEP,143.57200622558594,143.8699951171875,142.0800018310547,142.27000427246094
2026-08-25,PFE,27.915000915527344,28.579999923706055,27.84000015258789,28.56999969482422
2026-08-25,PG,145.72999572753906,146.11000061035156,144.9600067138672,145.39999389648438
2026-08-25,QQQ,711.27001953125,714.0399780273438,707.4500122070312,710.719970703125
2026-08-25,SPY,766.1599731445312,766.780029296875,763.0501098632812,765.9099731445312
2026-08-25,T,25.579999923706055,25.8700008392334,25.43000030517578,25.770000457763672
2026-08-25,TLT,83.11000061035156,83.4800033569336,82.97000122070312,83.47000122070312
2026-08-25,UNH,397.79998779296875,399.0299987792969,395.6199951171875,396.5899963378906
2026-08-25,UPS,103.08000183105469,106.16999816894531,103.05999755859375,105.13999938964844
2026-08-25,VZ,49.994998931884766,50.33000183105469,49.790000915527344,50.25
2026-08-25,WMT,105.6500015258789,106.06999969482422,104.4000015258789,105.37999725341797
2026-08-25,XLE,62.20000076293945,62.78499984741211,62.040000915527344,62.060001373291016
2026-08-25,XLF,58.189998626708984,58.36000061035156,57.869998931884766,58.310001373291016
2026-08-25,XLK,182.11000061035156,183.02000427246094,180.58999633789062,181.74000549316406
2026-08-25,XLU,43.2400016784668,43.47999954223633,43.06999969482422,43.310001373291016
2026-08-25,XOM,161.4499969482422,162.80499267578125,160.47999572753906,160.63999938964844
2026-08-26,AAPL,310.2449951171875,315.42999267578125,308.80010986328125,313.45001220703125
2026-08-26,ADBE,265.0350036621094,274.6000061035156,265.0350036621094,273.4700012207031
2026-08-26,AMZN,261.2749938964844,262.04998779296875,258.239990234375,260.2799987792969
2026-08-26,BA,211.77999877929688,212.60000610351562,209.66000366210938,212.08999633789062
2026-08-26,BAC,62.38999938964844,62.58000183105469,61.935001373291016,62.22999954223633
2026-08-26,CAT,816.2000122070312,824.614990234375,812.27001953125,821.9299926757812
2026-08-26,CRM,199.94000244140625,206.44000244140625,198.9499969482422,205.6199951171875
2026-08-26,CSCO,111.51000213623047,112.94999694824219,111.19000244140625,112.36000061035156
2026-08-26,CVX,198.72999572753906,202.38999938964844,198.11729431152344,200.2100067138672
2026-08-26,DIA,535.3400268554688,535.9500122070312,533.3099975585938,534.22998046875
2026-08-26,DIS,111.30000305175781,111.5199966430664,109.44999694824219,109.62999725341797
2026-08-26,DUK,121.5999984741211,122.57450103759766,121.5999984741211,121.88999938964844
2026-08-26,FDX,333.82000732421875,340.8299865722656,330.4100036621094,335.989990234375
2026-08-26,GLD,423.0,424.93499755859375,420.30999755859375,421.32000732421875
2026-08-26,GOOGL,346.6199951171875,346.8800048828125,340.17999267578125,342.0
2026-08-26,GS,1061.0,1061.5,1036.7750244140625,1040.4599609375
2026-08-26,HD,339.42999267578125,339.3500061035156,334.510009765625,334.8500061035156
2026-08-26,HON,217.02999877929688,221.27000427246094,216.41000366210938,220.6699981689453
2026-08-26,HYG,79.86000061035156,79.91000366210938,79.77999877929688,79.9000015258789
2026-08-26,INTC,86.82499694824219,88.27989959716797,85.62999725341797,88.23999786376953
2026-08-26,IWM,298.6400146484375,299.95001220703125,298.1549987792969,298.92999267578125
2026-08-26,JNJ,271.9700012207031,272.9049987792969,269.55999755859375,270.0
2026-08-26,JPM,356.5,358.3500061035156,354.60009765625,356.5
2026-08-26,KO,92.20999908447266,92.20999908447266,90.0,90.08000183105469
2026-08-26,LIN,488.989990234375,494.5,488.0101013183594,490.3299865722656
2026-08-26,LQD,106.69999694824219,106.79499816894531,106.59010314941406,106.77999877929688
2026-08-26,MCD,268.5,269.05718994140625,266.1099853515625,266.92999267578125
2026-08-26,META,590.4375,593.27001953125,561.9450073242188,576.1400146484375
2026-08-26,MSFT,487.8500061035156,497.3999938964844,487.30999755859375,496.3699951171875
2026-08-26,NEE,84.16000366210938,84.7249984741211,84.02999877929688,84.22000122070312
2026-08-26,NFLX,81.875,82.41999816894531,81.29499816894531,81.45999908447266
2026-08-26,NVDA,212.4199981689453,213.60000610351562,209.22999572753906,209.66000366210938
2026-08-26,ORCL,147.0,151.61000061035156,146.8249969482422,148.8699951171875
2026-08-26,PEP,142.6699981689453,142.69000244140625,141.22000122070312,142.19000244140625
2026-08-26,PFE,28.440000534057617,28.489999771118164,28.145000457763672,28.299999237060547
2026-08-26,PG,145.27999877929688,145.9315948486328,144.5,145.0
2026-08-26,QQQ,708.5,713.0180053710938,707.969970703125,711.3699951171875
2026-08-26,SPY,764.72998046875,767.3499755859375,763.9299926757812,766.0800170898438
2026-08-26,T,25.81999969482422,26.020000457763672,25.71500015258789,25.8700008392334
2026-08-26,TLT,83.2750015258789,83.30000305175781,83.06999969482422,83.30000305175781
2026-08-26,UNH,396.3299865722656,406.25,396.010009765625,401.010009765625
2026-08-26,UPS,105.08999633789062,107.1050033569336,104.55000305175781,105.6500015258789
2026-08-26,VZ,50.310001373291016,50.779998779296875,50.08000183105469,50.189998626708984
2026-08-26,WMT,105.51000213623047,106.08999633789062,104.07499694824219,104.33999633789062
2026-08-26,XLE,61.43000030517578,63.02000045776367,61.310001373291016,62.43000030517578
2026-08-26,XLF,58.25,58.380001068115234,58.02000045776367,58.2599983215332
2026-08-26,XLK,180.7100067138672,183.34500122070312,180.7100067138672,182.83999633789062
2026-08-26,XLU,43.310001373291016,43.70500183105469,43.279998779296875,43.5099983215332
2026-08-26,XOM,158.0,161.1199951171875,157.83999633789062,158.19000244140625
2026-08-27,AAPL,310.54998779296875,315.3999938964844,309.3999938964844,314.5799865722656
2026-08-27,ADBE,279.1600036621094,291.17999267578125,278.3699951171875,289.1499938964844
2026-08-27,AMZN,259.2300109863281,259.6600036621094,255.02000427246094,256.260009765625
2026-08-27,BA,211.50999450683594,211.94000244140625,209.11000061035156,209.88999938964844
2026-08-27,BAC,61.75,62.02000045776367,61.099998474121094,61.16999816894531
2026-08-27,CAT,827.4199829101562,832.989990234375,807.3099975585938,817.0
2026-08-27,CRM,230.0500030517578,254.47999572753906,230.0500030517578,252.0500030517578
2026-08-27,CSCO,112.1500015258789,112.56999969482422,111.61000061035156,112.1500015258789
2026-08-27,CVX,199.57000732421875,200.8800048828125,197.82000732421875,199.77000427246094
2026-08-27,DIA,533.5599975585938,536.6300048828125,532.9199829101562,535.219970703125
2026-08-27,DIS,108.77999877929688,108.87000274658203,106.73999786376953,106.81999969482422
2026-08-27,DUK,120.80000305175781,121.18000030517578,120.0999984741211,120.83999633789062
2026-08-27,FDX,333.45001220703125,335.0299987792969,331.20001220703125,331.4100036621094
2026-08-27,GLD,420.82000732421875,423.3500061035156,418.42999267578125,422.6000061035156
2026-08-27,GOOGL,339.6700134277344,341.69000244140625,338.5199890136719,340.6499938964844
2026-08-27,GS,1041.6800537109375,1052.550048828125,1035.0,1040.8699951171875
2026-08-27,HD,330.57000732421875,332.010009765625,327.8800048828125,328.6099853515625
2026-08-27,HON,219.67999267578125,221.25,217.1999969482422,220.38999938964844
2026-08-27,HYG,79.93000030517578,79.97000122070312,79.81999969482422,79.87000274658203
2026-08-27,INTC,89.91000366210938,92.94999694824219,88.45999908447266,92.08999633789062
2026-08-27,IWM,298.7699890136719,300.32000732421875,298.1400146484375,299.80999755859375
2026-08-27,JNJ,268.45001220703125,268.45001220703125,263.8299865722656,265.7699890136719
2026-08-27,JPM,354.67999267578125,357.57000732421875,352.2300109863281,354.2200012207031
2026-08-27,KO,89.41000366210938,90.02999877929688,88.95999908447266,89.05999755859375
2026-08-27,LIN,484.57000732421875,486.69000244140625,481.0,485.3500061035156
2026-08-27,LQD,106.77999877929688,106.86000061035156,106.62999725341797,106.7300033569336
2026-08-27,MCD,265.489990234375,265.7300109863281,259.8500061035156,260.05999755859375
2026-08-27,META,576.47998046875,588.3900146484375,567.6199951171875,571.0999755859375
2026-08-27,MSFT,494.8800048828125,506.4800109863281,490.0799865722656,505.05999755859375
2026-08-27,NEE,83.5199966430664,83.76000213623047,82.77999877929688,83.47000122070312
2026-08-27,NFLX,81.06999969482422,81.1500015258789,79.27999877929688,79.83999633789062
2026-08-27,NVDA,222.86000061035156,230.47000122070312,220.89999389648438,227.97999572753906
2026-08-27,ORCL,152.11000061035156,153.8300018310547,147.52000427246094,151.94000244140625
2026-08-27,PEP,140.55999755859375,141.08999633789062,139.67999267578125,139.72000122070312
2026-08-27,PFE,27.969999313354492,28.18000030517578,27.829999923706055,28.020000457763672
2026-08-27,PG,143.6999969482422,144.14999389648438,142.7100067138672,143.13999938964844
2026-08-27,QQQ,716.9299926757812,721.3499755859375,714.530029296875,721.1099853515625
2026-08-27,SPY,768.5,772.3599853515625,767.1599731445312,771.0999755859375
2026-08-27,T,25.5,25.59000015258789,25.280000686645508,25.43000030517578
2026-08-27,TLT,83.19999694824219,83.3499984741211,83.0,83.12999725341797
2026-08-27,UNH,396.8699951171875,399.8800048828125,393.7699890136719,395.04998779296875
2026-08-27,UPS,104.80000305175781,106.25,104.19999694824219,105.68000030517578
2026-08-27,VZ,49.560001373291016,49.900001525878906,49.119998931884766,49.43000030517578
2026-08-27,WMT,103.61000061035156,103.75,102.2699966430664,102.62999725341797
2026-08-27,XLE,62.22999954223633,62.720001220703125,61.54999923706055,62.290000915527344
2026-08-27,XLF,57.90999984741211,58.22999954223633,57.72999954223633,57.880001068115234
2026-08-27,XLK,186.47000122070312,188.74000549316406,185.6699981689453,188.61000061035156
2026-08-27,XLU,43.220001220703125,43.33000183105469,42.91999816894531,43.18000030517578
2026-08-27,XOM,157.6300048828125,158.19000244140625,156.13999938964844,156.44000244140625
2026-08-28,AAPL,317.0880126953125,322.3699951171875,315.4504089355469,319.70001220703125
2026-08-28,ADBE,288.375,294.08648681640625,286.7699890136719,291.5199890136719
2026-08-28,AMZN,258.32000732421875,267.55999755859375,257.7799987792969,266.42999267578125
2026-08-28,BA,209.99000549316406,210.6096954345703,207.5500030517578,209.82000732421875
2026-08-28,BAC,61.380001068115234,62.560001373291016,61.36000061035156,62.31999969482422
2026-08-28,CAT,819.010009765625,821.22998046875,799.166015625,800.25
2026-08-28,CRM,250.47000122070312,263.5299987792969,249.0,256.0
2026-08-28,CSCO,112.30999755859375,112.5,109.70999908447266,109.93000030517578
2026-08-28,CVX,199.97999572753906,202.24000549316406,199.57000732421875,201.86000061035156
2026-08-28,DIA,536.530029296875,537.72998046875,534.4000244140625,535.0599975585938
2026-08-28,DIS,107.25,108.19499969482422,107.02999877929688,108.0999984741211
2026-08-28,DUK,121.41000366210938,121.58499908447266,119.72000122070312,120.25
2026-08-28,FDX,332.3800048828125,333.989990234375,328.8299865722656,330.8800048828125
2026-08-28,GLD,422.239990234375,424.7900085449219,407.6199951171875,408.8900146484375
2026-08-28,GOOGL,340.7550048828125,349.1400146484375,340.2699890136719,346.5899963378906
2026-08-28,GS,1046.489990234375,1048.5999755859375,1031.574951171875,1033.989990234375
2026-08-28,HD,330.5,331.6099853515625,327.5,330.19000244140625
2026-08-28,HON,221.4499969482422,221.4499969482422,215.08999633789062,217.42999267578125
2026-08-28,HYG,79.9000015258789,79.94499969482422,79.66000366210938,79.73999786376953
2026-08-28,INTC,90.2699966430664,93.69999694824219,89.05000305175781,89.47000122070312
2026-08-28,IWM,299.70001220703125,300.3900146484375,295.6700134277344,295.75
2026-08-28,JNJ,265.7799987792969,268.3800048828125,264.2699890136719,268.0400085449219
2026-08-28,JPM,355.6700134277344,358.7300109863281,354.2200012207031,357.6199951171875
2026-08-28,KO,89.20999908447266,90.03500366210938,89.06999969482422,89.66000366210938
2026-08-28,LIN,487.0,489.6000061035156,486.70001220703125,489.510009765625
2026-08-28,LQD,106.75,106.94999694824219,106.30500030517578,106.3499984741211
2026-08-28,MCD,261.3299865722656,265.099609375,260.32000732421875,265.0
2026-08-28,META,571.9500122070312,589.1900024414062,571.0800170898438,578.02001953125
2026-08-28,MSFT,505.3299865722656,517.780029296875,504.86749267578125,513.530029296875
2026-08-28,NEE,82.91999816894531,82.9800033569336,81.33000183105469,81.83999633789062
2026-08-28,NFLX,80.33999633789062,82.35350036621094,79.94999694824219,81.72000122070312
2026-08-28,NVDA,227.3300018310547,229.25999450683594,216.80999755859375,217.5500030517578
2026-08-28,ORCL,153.60000610351562,153.99000549316406,149.7100067138672,150.85000610351562
2026-08-28,PEP,140.5500030517578,141.2899932861328,140.0,141.07000732421875
2026-08-28,PFE,28.0,28.020000457763672,27.770000457763672,27.959999084472656
2026-08-28,PG,143.25,144.39999389648438,143.00999450683594,143.77999877929688
2026-08-28,QQQ,719.75,724.125,715.0850219726562,716.4299926757812
2026-08-28,SPY,771.760009765625,775.2919921875,768.3076171875,769.3499755859375
2026-08-28,T,25.559999465942383,26.030000686645508,25.50860023498535,26.010000228881836
2026-08-28,TLT,83.05000305175781,83.59870147705078,82.78009796142578,82.87999725341797
2026-08-28,UNH,396.4200134277344,396.739990234375,392.81500244140625,392.95001220703125
2026-08-28,UPS,105.91999816894531,106.38999938964844,104.88500213623047,105.33000183105469
2026-08-28,VZ,49.54499816894531,50.32500076293945,49.540000915527344,50.099998474121094
2026-08-28,WMT,103.02999877929688,103.3949966430664,102.50029754638672,103.08999633789062
2026-08-28,XLE,62.349998474121094,62.7400016784668,62.11800003051758,62.68000030517578
2026-08-28,XLF,57.97999954223633,58.40999984741211,57.91999816894531,58.099998474121094
2026-08-28,XLK,188.07000732421875,188.6699981689453,185.50999450683594,185.69000244140625
2026-08-28,XLU,43.34000015258789,43.380001068115234,42.56010055541992,42.72999954223633
2026-08-28,XOM,156.60000610351562,157.4199981689453,155.32000732421875,156.7100067138672
2026-08-31,AAPL,319.55999755859375,321.2349853515625,312.8500061035156,316.8500061035156
2026-08-31,ADBE,287.6499938964844,294.1300048828125,286.260009765625,292.7900085449219
2026-08-31,AMZN,263.82501220703125,264.3599853515625,257.1499938964844,259.7699890136719
2026-08-31,BA,208.5,208.7698974609375,206.27000427246094,207.77999877929688
2026-08-31,BAC,62.25,62.47999954223633,61.900001525878906,61.939998626708984
2026-08-31,CAT,800.0,802.8699951171875,789.0499877929688,797.469970703125
2026-08-31,CRM,254.38999938964844,262.2691955566406,254.8000030517578,257.5400085449219
2026-08-31,CSCO,110.12999725341797,111.36000061035156,109.61000061035156,110.48999786376953
2026-08-31,CVX,206.0800018310547,208.4152069091797,203.8354949951172,206.13999938964844
2026-08-31,DIA,533.5599975585938,533.5599975585938,530.780029296875,531.5700073242188
2026-08-31,DIS,107.77999877929688,108.04000091552734,106.97000122070312,107.55000305175781
2026-08-31,DUK,119.5999984741211,120.5199966430664,119.04010009765625,119.91000366210938
2026-08-31,FDX,328.6499938964844,329.57000732421875,324.70001220703125,327.3999938964844
2026-08-31,GLD,407.760009765625,408.6400146484375,404.8999938964844,408.4200134277344
2026-08-31,GOOGL,343.697998046875,344.5899963378906,337.156005859375,339.3500061035156
2026-08-31,GS,1032.5999755859375,1029.92529296875,1022.6201171875,1025.9000244140625
2026-08-31,HD,328.239990234375,329.25,325.75,327.8299865722656
2026-08-31,HON,214.73500061035156,215.5399932861328,212.21499633789062,213.52999877929688
2026-08-31,HYG,79.70999908447266,79.80999755859375,79.62999725341797,79.80999755859375
2026-08-31,INTC,90.0,91.84310150146484,88.97000122070312,89.51000213623047
2026-08-31,IWM,295.0899963378906,295.3500061035156,292.7049865722656,293.92999267578125
2026-08-31,JNJ,267.125,267.7699890136719,265.29998779296875,265.8500061035156
2026-08-31,JPM,355.8999938964844,357.75,354.7701110839844,356.0199890136719
2026-08-31,KO,89.50499725341797,89.52999877929688,88.6011962890625,88.66999816894531
2026-08-31,LIN,489.04998779296875,492.3699951171875,486.45001220703125,489.5799865722656
2026-08-31,LQD,106.19999694824219,106.23500061035156,106.01329803466797,106.20999908447266
2026-08-31,MCD,265.0,266.07000732421875,263.385009765625,263.5400085449219
2026-08-31,META,576.77001953125,578.6749877929688,569.1386108398438,572.3400268554688
2026-08-31,MSFT,510.32501220703125,512.1900024414062,506.3999938964844,507.2900085449219
2026-08-31,NEE,81.08000183105469,82.5999984741211,80.75,82.33999633789062
2026-08-31,NFLX,80.87999725341797,81.7300033569336,80.6500015258789,81.05000305175781
2026-08-31,NVDA,218.86199951171875,221.2899932861328,216.2100067138672,220.77999877929688
2026-08-31,ORCL,149.30999755859375,151.25999450683594,147.75,149.1199951171875
2026-08-31,PEP,141.0,141.0399932861328,139.3300018310547,140.33999633789062
2026-08-31,PFE,27.850000381469727,28.700000762939453,27.639999389648438,28.459999084472656
2026-08-31,PG,143.44000244140625,145.89999389648438,142.5,145.1199951171875
2026-08-31,QQQ,715.1199951171875,717.5750122070312,713.1599731445312,716.760009765625
2026-08-31,SPY,767.3300170898438,767.9949951171875,764.7150268554688,767.0499877929688
2026-08-31,T,25.915000915527344,26.239999771118164,25.86199951171875,25.889999389648438
2026-08-31,TLT,82.46499633789062,82.52999877929688,82.1449966430664,82.5199966430664
2026-08-31,UNH,393.5199890136719,394.489990234375,387.7200012207031,389.4100036621094
2026-08-31,UPS,104.87000274658203,105.05000305175781,103.80010223388672,104.2300033569336
2026-08-31,VZ,50.060001373291016,50.540000915527344,49.90999984741211,50.02000045776367
2026-08-31,WMT,103.08000183105469,104.98699951171875,102.83999633789062,104.87000274658203
2026-08-31,XLE,63.79999923706055,64.43499755859375,63.13999938964844,63.959999084472656
2026-08-31,XLF,57.86000061035156,57.92499923706055,57.689998626708984,57.709999084472656
2026-08-31,XLK,185.77499389648438,186.63999938964844,185.2899932861328,186.5
2026-08-31,XLU,42.0,42.39500045776367,41.8650016784668,42.22999954223633
2026-08-31,XOM,159.94000244140625,161.58999633789062,158.74000549316406,160.9499969482422
2026-09-01,AAPL,316.9800109863281,327.29998779296875,314.73699951171875,325.1300048828125
2026-09-01,ADBE,288.260009765625,294.5299987792969,285.4800109863281,286.0799865722656
2026-09-01,AMZN,254.8300018310547,255.82000732421875,251.92999267578125,254.9199981689453
2026-09-01,BA,206.6999969482422,208.11000061035156,205.5,205.66000366210938
2026-09-01,BAC,61.970001220703125,62.82500076293945,61.7234992980957,61.9900016784668
2026-09-01,CAT,788.8800048828125,790.219970703125,774.5499877929688,779.1599731445312
2026-09-01,CRM,255.00999450683594,262.32000732421875,254.25,258.1099853515625
2026-09-01,CSCO,110.0999984741211,110.72000122070312,108.93000030517578,109.73999786376953
2026-09-01,CVX,209.0,211.07000732421875,207.8000030517578,211.0500030517578
2026-09-01,DIA,528.6699829101562,531.6500244140625,526.8499755859375,527.75
2026-09-01,DIS,107.23999786376953,108.94999694824219,106.1500015258789,106.22000122070312
2026-09-01,DUK,120.4800033569336,121.25,119.76000213623047,120.38999938964844
2026-09-01,FDX,327.5400085449219,330.4827880859375,319.375,324.8800048828125
2026-09-01,GLD,398.2850036621094,401.25,396.45001220703125,396.75
2026-09-01,GOOGL,336.0,337.20001220703125,333.05999755859375,335.0199890136719
2026-09-01,GS,1004.719970703125,1031.1199951171875,997.0,1002.5599975585938
2026-09-01,HD,326.010009765625,326.8299865722656,318.79998779296875,319.7699890136719
2026-09-01,HON,213.1699981689453,214.0,208.80999755859375,209.97999572753906
2026-09-01,HYG,79.2699966430664,79.30000305175781,79.05999755859375,79.0999984741211
2026-09-01,INTC,86.89749908447266,89.41000366210938,85.72000122070312,88.97000122070312
2026-09-01,IWM,291.9800109863281,292.94000244140625,289.9750061035156,290.57000732421875
2026-09-01,JNJ,270.8299865722656,271.9100036621094,267.0199890136719,271.19000244140625
2026-09-01,JPM,355.7300109863281,359.9200134277344,354.1199951171875,354.95001220703125
2026-09-01,KO,89.58999633789062,89.77999877929688,87.80999755859375,88.0
2026-09-01,LIN,488.5,488.9549865722656,482.1600036621094,486.760009765625
2026-09-01,LQD,105.5199966430664,105.71499633789062,105.20999908447266,105.22000122070312
2026-09-01,MCD,262.75,264.5,260.75,261.1099853515625
2026-09-01,META,557.7999877929688,584.9000244140625,556.2899780273438,578.5399780273438
2026-09-01,MSFT,498.010009765625,505.9700012207031,496.7799987792969,501.0199890136719
2026-09-01,NEE,82.69999694824219,83.11000061035156,82.29000091552734,82.93000030517578
2026-09-01,NFLX,80.11199951171875,82.12550354003906,79.5999984741211,80.80999755859375
2026-09-01,NVDA,216.61000061035156,220.41000366210938,215.10000610351562,217.44000244140625
2026-09-01,ORCL,146.75,146.77000427246094,139.9499969482422,141.32000732421875
2026-09-01,PFE,28.81800079345703,29.09000015258789,28.46500015258789,28.549999237060547
2026-09-01,PG,145.75999450683594,148.35899353027344,145.09280395507812,146.2100067138672
2026-09-01,QQQ,707.4299926757812,712.2999877929688,704.6599731445312,707.6400146484375
2026-09-01,SPY,762.010009765625,764.6699829101562,759.47998046875,761.780029296875
2026-09-01,T,26.09000015258789,26.31999969482422,26.0,26.0
2026-09-01,TLT,81.8949966430664,82.3499984741211,81.77999877929688,81.87000274658203
2026-09-01,UNH,392.0799865722656,399.6000061035156,391.7799987792969,396.29998779296875
2026-09-01,UPS,103.75,103.94999694824219,101.91999816894531,102.66000366210938
2026-09-01,VZ,50.5,50.92499923706055,50.2400016784668,50.29999923706055
2026-09-01,WMT,105.19000244140625,106.63999938964844,104.66000366210938,105.91999816894531
2026-09-01,XLE,64.87000274658203,64.94999694824219,64.05000305175781,64.7699966430664
2026-09-01,XLF,57.61000061035156,57.97999954223633,57.130001068115234,57.20000076293945
2026-09-01,XLK,183.6999969482422,184.9199981689453,182.6300048828125,183.63999938964844
2026-09-01,XLU,42.29999923706055,42.61000061035156,42.09000015258789,42.560001373291016
2026-09-01,XOM,163.60000610351562,164.6999969482422,162.21499633789062,164.5500030517578
2026-09-02,AAPL,326.8699951171875,328.3999938964844,323.5299987792969,324.9599914550781
2026-09-02,ADBE,283.5,287.489990234375,279.42999267578125,279.7900085449219
2026-09-02,AMZN,254.25999450683594,256.239990234375,253.39999389648438,254.97999572753906
2026-09-02,BA,207.0,210.64999389648438,206.4199981689453,208.8699951171875
2026-09-02,BAC,62.279998779296875,63.54999923706055,61.939998626708984,62.599998474121094
2026-09-02,CAT,778.510009765625,793.9400024414062,771.3900146484375,792.280029296875
2026-09-02,CRM,259.3800048828125,264.54998779296875,253.60000610351562,256.92999267578125
2026-09-02,CSCO,110.31999969482422,110.51000213623047,108.4000015258789,109.45999908447266
2026-09-02,CVX,210.49000549316406,212.7899932861328,209.4600067138672,211.77999877929688
2026-09-02,DIA,529.510009765625,532.1699829101562,529.239990234375,530.6199951171875
2026-09-02,DIS,106.70999908447266,108.98999786376953,106.33000183105469,107.9800033569336
2026-09-02,DUK,120.22000122070312,121.05999755859375,119.22000122070312,120.55999755859375
2026-09-02,FDX,325.4599914550781,325.6199951171875,315.8699951171875,316.5400085449219
2026-09-02,GLD,399.7099914550781,403.3299865722656,399.5799865722656,402.7799987792969
2026-09-02,GOOGL,334.05999755859375,340.0,332.82000732421875,337.1199951171875
2026-09-02,GS,1009.739990234375,1021.8400268554688,998.0,1004.4199829101562
2026-09-02,HD,321.5,322.1700134277344,317.7099914550781,318.510009765625
2026-09-02,HON,210.6300048828125,210.72999572753906,204.80999755859375,206.07000732421875
2026-09-02,HYG,79.13999938964844,79.2300033569336,79.0999984741211,79.11000061035156
2026-09-02,INTC,88.8499984741211,90.43000030517578,87.5,90.05000305175781
2026-09-02,IWM,291.5400085449219,294.3500061035156,291.19000244140625,294.010009765625
2026-09-02,JNJ,274.739990234375,281.07000732421875,273.5299987792969,275.2099914550781
2026-09-02,JPM,357.54998779296875,361.4700012207031,353.7900085449219,356.2200012207031
2026-09-02,KO,87.9000015258789,88.94999694824219,87.7300033569336,88.23999786376953
2026-09-02,LIN,487.989990234375,490.9800109863281,485.5199890136719,487.45001220703125
2026-09-02,LQD,105.37999725341797,105.41999816894531,105.19999694824219,105.3499984741211
2026-09-02,MCD,261.9599914550781,262.7799987792969,260.17999267578125,260.95001220703125
2026-09-02,META,578.7899780273438,600.3800048828125,577.0,592.8499755859375
2026-09-02,MSFT,499.8500061035156,500.2699890136719,493.80999755859375,496.82000732421875
2026-09-02,NEE,82.55999755859375,83.23999786376953,82.05000305175781,83.0999984741211
2026-09-02,NFLX,80.55000305175781,83.12000274658203,80.30000305175781,82.7300033569336
2026-09-02,NVDA,218.7899932861328,227.9499969482422,218.47999572753906,224.41000366210938
2026-09-02,ORCL,140.25999450683594,146.69000244140625,139.72000122070312,145.75
2026-09-02,PEP,140.27000427246094,141.7100067138672,139.3000030517578,140.52000427246094
2026-09-02,PFE,28.790000915527344,29.09000015258789,28.709999084472656,29.020000457763672
2026-09-02,PG,146.4199981689453,148.32000732421875,145.7899932861328,147.63999938964844
2026-09-02,QQQ,707.0999755859375,709.7999877929688,705.0999755859375,709.239990234375
2026-09-02,SPY,762.4500122070312,766.4299926757812,761.72998046875,765.1599731445312
2026-09-02,T,26.09000015258789,26.440000534057617,25.950000762939453,25.950000762939453
2026-09-02,TLT,81.9800033569336,82.05000305175781,81.75,81.94999694824219
2026-09-02,UNH,399.2699890136719,401.1400146484375,396.510009765625,399.6600036621094
2026-09-02,UPS,103.30000305175781,104.1500015258789,102.7300033569336,103.01000213623047
2026-09-02,VZ,50.5,50.84000015258789,50.150001525878906,50.220001220703125
2026-09-02,WMT,105.97000122070312,106.77999877929688,105.45999908447266,106.08999633789062
2026-09-02,XLE,64.2699966430664,65.3499984741211,64.25,65.0999984741211
2026-09-02,XLF,57.380001068115234,58.22999954223633,57.31999969482422,57.65999984741211
2026-09-02,XLK,183.4600067138672,183.77999877929688,182.27000427246094,183.60000610351562
2026-09-02,XLU,42.400001525878906,42.709999084472656,42.02000045776367,42.66999816894531
2026-09-02,XOM,163.92999267578125,165.02000427246094,162.75999450683594,164.14999389648438
2026-09-03,AAPL,324.8699951171875,330.80999755859375,324.1099853515625,328.2099914550781
2026-09-03,ADBE,285.4800109863281,292.8800048828125,283.8399963378906,285.75
2026-09-03,AMZN,256.20001220703125,259.5,256.0,258.8999938964844
2026-09-03,BA,209.94000244140625,211.05999755859375,205.8300018310547,210.50999450683594
2026-09-03,BAC,62.810001373291016,63.27000045776367,62.31999969482422,63.040000915527344
2026-09-03,CAT,796.9000244140625,803.9199829101562,781.489990234375,800.1400146484375
2026-09-03,CRM,261.9800109863281,268.2699890136719,261.6000061035156,264.42999267578125
2026-09-03,CSCO,108.80000305175781,109.66999816894531,107.5999984741211,108.61000061035156
2026-09-03,CVX,212.3800048828125,213.1999969482422,211.1699981689453,211.32000732421875
2026-09-03,DIA,534.0399780273438,537.6199951171875,532.9400024414062,536.9299926757812
2026-09-03,DIS,108.62000274658203,109.19999694824219,106.9000015258789,107.16000366210938
2026-09-03,DUK,120.80999755859375,121.9800033569336,120.76000213623047,121.4000015258789
2026-09-03,FDX,318.69000244140625,324.44000244140625,315.3299865722656,324.30999755859375
2026-09-03,GLD,410.7099914550781,413.5400085449219,408.5400085449219,410.2200012207031
2026-09-03,GOOGL,340.55999755859375,344.67999267578125,340.05999755859375,342.4800109863281
2026-09-03,GS,1013.5,1039.8299560546875,1012.5,1037.9300537109375
2026-09-03,HD,318.2099914550781,320.44000244140625,315.2099914550781,318.07000732421875
2026-09-03,HON,208.36000061035156,209.2899932861328,204.91000366210938,207.6300048828125
2026-09-03,HYG,79.20999908447266,79.30000305175781,79.16999816894531,79.20999908447266
2026-09-03,INTC,89.3499984741211,92.37000274658203,87.7300033569336,91.66999816894531
2026-09-03,IWM,295.7900085449219,296.17999267578125,293.42999267578125,295.19000244140625
2026-09-03,JNJ,277.32000732421875,278.8900146484375,273.1600036621094,278.42999267578125
2026-09-03,JPM,358.67999267578125,362.8500061035156,356.3900146484375,362.05999755859375
2026-09-03,KO,88.11000061035156,89.2300033569336,88.01000213623047,88.80999755859375
2026-09-03,LIN,487.8999938964844,491.9800109863281,480.04998779296875,482.19000244140625
2026-09-03,LQD,105.69999694824219,105.7699966430664,105.47000122070312,105.5
2026-09-03,MCD,261.57000732421875,262.0899963378906,256.1199951171875,259.6300048828125
2026-09-03,META,604.489990234375,619.4600219726562,604.3499755859375,610.6799926757812
2026-09-03,MSFT,501.6600036621094,515.6500244140625,500.79998779296875,510.1199951171875
2026-09-03,NEE,83.54000091552734,84.25,83.29000091552734,84.05999755859375
2026-09-03,NFLX,83.18000030517578,83.5999984741211,81.62999725341797,82.66999816894531
2026-09-03,NVDA,226.02000427246094,230.39999389648438,224.75,228.4499969482422
2026-09-03,ORCL,147.27000427246094,156.77000427246094,146.9199981689453,154.0399932861328
2026-09-03,PEP,140.32000732421875,140.75,138.5800018310547,140.02000427246094
2026-09-03,PFE,29.09000015258789,29.209999084472656,28.440000534057617,28.809999465942383
2026-09-03,PG,147.67999267578125,148.22000122070312,146.5,146.9199981689453
2026-09-03,QQQ,710.8499755859375,718.9199829101562,709.6900024414062,717.6699829101562
2026-09-03,SPY,767.9000244140625,774.030029296875,767.4500122070312,773.1699829101562
2026-09-03,T,26.149999618530273,26.25,25.799999237060547,26.190000534057617
2026-09-03,TLT,82.36000061035156,82.43000030517578,82.05999755859375,82.06999969482422
2026-09-03,UNH,400.0199890136719,405.1600036621094,395.29998779296875,400.94000244140625
2026-09-03,UPS,103.62000274658203,104.37999725341797,102.25,103.5
2026-09-03,VZ,50.61000061035156,50.81999969482422,50.150001525878906,50.59000015258789
2026-09-03,WMT,106.41999816894531,109.3499984741211,106.0199966430664,108.41999816894531
2026-09-03,XLE,65.12000274658203,65.5199966430664,64.58000183105469,64.62000274658203
2026-09-03,XLF,58.0,58.599998474121094,57.9900016784668,58.560001373291016
2026-09-03,XLK,183.52000427246094,186.32000732421875,182.49000549316406,185.97000122070312
2026-09-03,XLU,42.81999969482422,43.130001068115234,42.77000045776367,43.029998779296875
2026-09-03,XOM,164.42999267578125,165.64999389648438,162.08999633789062,162.2100067138672
2026-09-04,AAPL,328.30999755859375,328.92999267578125,317.8599853515625,319.9700012207031
2026-09-04,ADBE,274.4700012207031,275.9100036621094,263.92999267578125,266.510009765625
2026-09-04,AMZN,259.07000732421875,261.1199951171875,255.2899932861328,258.510009765625
2026-09-04,BA,209.44000244140625,212.25999450683594,208.8000030517578,212.25
2026-09-04,BAC,62.560001373291016,62.91999816894531,61.959999084472656,62.68000030517578
2026-09-04,CAT,802.3800048828125,821.0,801.0,813.9400024414062
2026-09-04,CRM,263.3599853515625,263.6000061035156,257.82000732421875,259.2300109863281
2026-09-04,CSCO,109.63999938964844,110.36000061035156,109.0,109.19999694824219
2026-09-04,CVX,209.50999450683594,209.86000061035156,207.1199951171875,208.60000610351562
2026-09-04,DIA,535.1300048828125,536.3699951171875,532.9299926757812,534.0800170898438
2026-09-04,DIS,106.48999786376953,106.87999725341797,105.16999816894531,105.30999755859375
2026-09-04,DUK,120.73999786376953,121.43000030517578,119.97000122070312,120.22000122070312
2026-09-04,FDX,323.75,325.04998779296875,321.0899963378906,322.5199890136719
2026-09-04,GLD,404.6600036621094,408.0,403.9599914550781,406.7699890136719
2026-09-04,GOOGL,342.4700012207031,343.5299987792969,337.0899963378906,338.4599914550781
2026-09-04,GS,1031.0899658203125,1041.199951171875,1024.6300048828125,1038.6099853515625
2026-09-04,HD,316.70001220703125,321.79998779296875,316.1000061035156,321.04998779296875
2026-09-04,HON,207.05999755859375,210.0,206.9199981689453,209.61000061035156
2026-09-04,HYG,79.19999694824219,79.23999786376953,79.1500015258789,79.16000366210938
2026-09-04,INTC,92.44999694824219,95.94000244140625,91.87000274658203,95.80000305175781
2026-09-04,IWM,293.70001220703125,296.17999267578125,293.55999755859375,296.010009765625
2026-09-04,JNJ,275.1300048828125,277.79998779296875,274.75,275.2300109863281
2026-09-04,JPM,361.0,362.8599853515625,355.20001220703125,358.6400146484375
2026-09-04,KO,88.58999633789062,88.91000366210938,87.8499984741211,88.06999969482422
2026-09-04,LIN,479.25,482.9599914550781,476.4800109863281,477.57000732421875
2026-09-04,LQD,105.55999755859375,105.68000030517578,105.47000122070312,105.4800033569336
2026-09-04,MCD,258.010009765625,258.5,255.49000549316406,255.69000244140625
2026-09-04,META,612.3499755859375,617.4600219726562,605.27001953125,616.77001953125
2026-09-04,MSFT,510.0,511.0,499.3599853515625,499.70001220703125
2026-09-04,NEE,83.69999694824219,84.12000274658203,83.2300033569336,83.43000030517578
2026-09-04,NFLX,82.16999816894531,82.69000244140625,78.2300033569336,78.25
2026-09-04,NVDA,231.08999633789062,234.75999450683594,229.6300048828125,230.36000061035156
2026-09-04,ORCL,159.4600067138672,159.6999969482422,156.7100067138672,158.77999877929688
2026-09-04,PEP,137.74000549316406,139.47000122070312,137.42999267578125,137.6300048828125
2026-09-04,PFE,28.579999923706055,28.690000534057617,28.3799991607666,28.450000762939453
2026-09-04,PG,146.47000122070312,147.14999389648438,145.82000732421875,146.44000244140625
2026-09-04,QQQ,719.3499755859375,721.8599853515625,716.5599975585938,718.9600219726562
2026-09-04,SPY,772.010009765625,772.8699951171875,769.0,770.1900024414062
2026-09-04,T,26.100000381469727,26.219999313354492,25.65999984741211,25.68000030517578
2026-09-04,TLT,82.29000091552734,82.5,82.18000030517578,82.20999908447266
2026-09-04,UNH,397.04998779296875,402.2300109863281,395.20001220703125,397.1400146484375
2026-09-04,UPS,103.06999969482422,103.45999908447266,102.22000122070312,102.29000091552734
2026-09-04,VZ,50.54999923706055,50.709999084472656,50.08000183105469,50.13999938964844
2026-09-04,WMT,108.19999694824219,109.2300033569336,106.93000030517578,107.13999938964844
2026-09-04,XLE,64.04000091552734,64.33000183105469,63.380001068115234,64.05999755859375
2026-09-04,XLF,58.040000915527344,58.380001068115234,57.91999816894531,58.099998474121094
2026-09-04,XLK,187.19000244140625,188.1999969482422,186.4199981689453,187.27999877929688
2026-09-04,XLU,42.77000045776367,43.22999954223633,42.75,43.08000183105469
2026-09-04,XOM,161.02000427246094,161.47999572753906,159.16000366210938,159.47000122070312
2026-09-08,AAPL,317.1000061035156,320.70001220703125,314.8999938964844,316.2200012207031
2026-09-08,ADBE,262.80999755859375,262.80999755859375,254.25,257.260009765625
2026-09-08,AMZN,256.67999267578125,257.989990234375,254.75,256.9700012207031
2026-09-08,BA,212.10000610351562,215.2899932861328,210.58999633789062,210.72999572753906
2026-09-08,BAC,62.4900016784668,62.81999969482422,62.11000061035156,62.38999938964844
2026-09-08,CAT,823.3400268554688,830.5,817.0900268554688,822.47998046875
2026-09-08,CRM,253.72000122070312,254.0,245.88999938964844,249.1199951171875
2026-09-08,CSCO,109.37000274658203,109.63999938964844,108.4800033569336,109.16999816894531
2026-09-08,CVX,211.25,213.30999755859375,209.17999267578125,209.8000030517578
2026-09-08,DIA,530.219970703125,530.3900146484375,527.3499755859375,528.030029296875
2026-09-08,DIS,104.68000030517578,105.11000061035156,103.70999908447266,105.05999755859375
2026-09-08,DUK,120.20999908447266,121.62000274658203,120.0,121.23999786376953
2026-09-08,FDX,320.0,321.1499938964844,314.05999755859375,314.1300048828125
2026-09-08,GLD,403.55999755859375,404.2799987792969,399.4800109863281,399.7200012207031
2026-09-08,GOOGL,335.4200134277344,339.67999267578125,333.2200012207031,338.3599853515625
2026-09-08,GS,1040.550048828125,1043.8399658203125,1028.56005859375,1036.530029296875
2026-09-08,HD,320.7300109863281,321.5,313.239990234375,313.70001220703125
2026-09-08,HON,209.0,209.7899932861328,207.0500030517578,208.24000549316406
2026-09-08,HYG,79.19000244140625,79.23999786376953,79.0999984741211,79.12000274658203
2026-09-08,INTC,100.80000305175781,106.08999633789062,100.3499984741211,104.47000122070312
2026-09-08,IWM,295.3399963378906,296.1000061035156,294.260009765625,294.6700134277344
2026-09-08,JNJ,271.2799987792969,271.989990234375,266.8800048828125,269.1199951171875
2026-09-08,JPM,357.1000061035156,358.54998779296875,353.2300109863281,353.510009765625
2026-09-08,KO,87.55000305175781,88.55000305175781,87.55000305175781,88.36000061035156
2026-09-08,LIN,474.010009765625,474.010009765625,466.0,468.3800048828125
2026-09-08,LQD,105.7300033569336,105.7300033569336,105.31999969482422,105.4800033569336
2026-09-08,MCD,254.38999938964844,256.80999755859375,254.27999877929688,255.80999755859375
2026-09-08,META,616.2100219726562,624.7999877929688,609.739990234375,613.47998046875
2026-09-08,MSFT,493.010009765625,495.19000244140625,490.1499938964844,493.95001220703125
2026-09-08,NEE,83.31999969482422,84.37999725341797,83.31999969482422,83.83000183105469
2026-09-08,NFLX,77.55000305175781,77.7300033569336,75.91999816894531,76.7699966430664
2026-09-08,NVDA,233.11000061035156,233.7100067138672,224.85000610351562,225.72999572753906
2026-09-08,ORCL,167.60000610351562,170.6999969482422,161.16000366210938,162.52000427246094
2026-09-08,PEP,137.0,138.97999572753906,137.0,138.4499969482422
2026-09-08,PFE,28.020000457763672,28.149999618530273,27.719999313354492,27.790000915527344
2026-09-08,PG,145.60000610351562,146.16000366210938,144.3000030517578,145.5800018310547
2026-09-08,QQQ,720.9099731445312,721.8900146484375,715.5700073242188,718.3599853515625
2026-09-08,SPY,769.0700073242188,769.7000122070312,765.1400146484375,765.9600219726562
2026-09-08,T,25.540000915527344,25.90999984741211,25.450000762939453,25.600000381469727
2026-09-08,TLT,82.44000244140625,82.45999908447266,81.93000030517578,82.19999694824219
2026-09-08,UNH,392.3999938964844,403.8900146484375,390.44000244140625,400.8399963378906
2026-09-08,UPS,102.0199966430664,102.19000244140625,100.47000122070312,100.4800033569336
2026-09-08,VZ,49.97999954223633,50.650001525878906,49.77000045776367,50.40999984741211
2026-09-08,WMT,106.77999877929688,106.9000015258789,105.66000366210938,106.05000305175781
2026-09-08,XLE,64.83000183105469,65.23999786376953,64.30999755859375,64.7699966430664
2026-09-08,XLF,57.709999084472656,57.81999969482422,57.2599983215332,57.29999923706055
2026-09-08,XLK,188.63999938964844,189.0800018310547,187.02000427246094,187.8699951171875
2026-09-08,XLU,43.04999923706055,43.709999084472656,43.040000915527344,43.45000076293945
2026-09-08,XOM,160.61000061035156,163.11000061035156,158.75,160.66000366210938
